Subtype,TargetID,CHR,MAPINFO
reference,cg03502002,18,74962133
reference,cg04021856,2,150187489
reference,cg08797194,13,96705123
reference,cg09088988,5,146614298
reference,cg10380328,4,188953126
reference,cg11549265,6,26988177
reference,cg14745270,8,110703888
reference,cg16987305,1,65991596
reference,cg17677490,10,118608138
reference,cg19849428,11,40314978
reference,cg20809378,11,43569555
reference,cg22797031,1,170630070
reference,cg24980653,4,1399235
reference,cg25032595,13,96204978
reference,cg26059153,20,13976190
reference,cg26115633,10,129535893
reference,cg26675876,8,11059176
T-ALL,cg00004667,1,16292746
T-ALL,cg00221794,2,20776620
T-ALL,cg03125341,6,157882207
T-ALL,cg04690998,7,2339777
T-ALL,cg05049335,11,66103889
T-ALL,cg05941027,17,61774174
T-ALL,cg07116972,3,32463713
T-ALL,cg10516886,1,111415232
T-ALL,cg11619961,5,149792840
T-ALL,cg12753009,8,129061665
T-ALL,cg14973892,13,46944143
T-ALL,cg14989202,1,9714843
T-ALL,cg22340807,1,61378118
T-ALL,cg24667756,17,78698822
HeH,cg00546897,21,45232232
HeH,cg02522367,9,139640325
HeH,cg03148927,3,45558093
HeH,cg03630596,9,139925856
HeH,cg04858987,3,15359338
HeH,cg04990202,1,153581750
HeH,cg05065948,4,26275089
HeH,cg06745684,21,37949239
HeH,cg07843576,16,85881375
HeH,cg11006453,8,141599185
HeH,cg12975597,6,22897079
HeH,cg14205519,9,139925750
HeH,cg14353201,11,67448395
HeH,cg14792180,5,10632056
HeH,cg14871313,10,7139026
HeH,cg15009331,10,80502431
HeH,cg16522484,14,95942049
HeH,cg17328472,1,4712764
HeH,cg17512904,4,101107472
HeH,cg17832639,6,32078133
HeH,cg18032217,4,3298514
HeH,cg18102633,19,17487776
HeH,cg18107006,2,38831166
HeH,cg18463686,7,141646690
HeH,cg19255608,1,153581655
HeH,cg19598189,8,79513961
HeH,cg20344925,6,32078127
HeH,cg22787468,17,27309113
HeH,cg24467190,2,220148153
HeH,cg24938761,19,2091406
HeH,cg24968629,22,46770644
HeH,cg26239850,11,44977160
HeH,cg26298914,14,68798365
HeH,cg26841425,10,45958771
t(12;21),cg00593243,5,172196153
t(12;21),cg01712159,16,88994740
t(12;21),cg02819921,2,11607488
t(12;21),cg02939078,20,61489595
t(12;21),cg03195147,3,75441804
t(12;21),cg05423712,8,605100
t(12;21),cg05929192,2,97192266
t(12;21),cg06273125,3,113249814
t(12;21),cg06376426,1,24648203
t(12;21),cg06756473,16,69386847
t(12;21),cg06891858,18,19323333
t(12;21),cg07854959,17,47093489
t(12;21),cg07864647,13,98959770
t(12;21),cg08125539,17,47079959
t(12;21),cg08829140,7,101559608
t(12;21),cg09394681,6,4482990
t(12;21),cg09774204,16,88993645
t(12;21),cg10141174,6,4482883
t(12;21),cg10450692,17,63624619
t(12;21),cg11176525,3,45003829
t(12;21),cg11339718,16,89000225
t(12;21),cg11423909,3,126010451
t(12;21),cg12868887,11,70244470
t(12;21),cg13690063,4,40921171
t(12;21),cg14325952,8,605423
t(12;21),cg14631834,18,28623040
t(12;21),cg15982952,8,1054048
t(12;21),cg16340152,8,81789991
t(12;21),cg17317266,19,11495261
t(12;21),cg17838697,17,63624567
t(12;21),cg18638389,18,19324759
t(12;21),cg18948877,2,242904738
t(12;21),cg19093782,2,242904793
t(12;21),cg19937878,6,13296149
t(12;21),cg22261669,13,98959799
t(12;21),cg24401489,6,28859583
t(12;21),cg25266281,2,242904768
t(12;21),cg25980539,5,123090970
t(12;21),cg26341453,1,28593732
t(12;21),cg26688993,3,39235001
t(12;21),cg26872053,5,61702651
t(12;21),cg27369325,13,98962075
11q23/MLL,cg01135464,17,48971001
11q23/MLL,cg01235983,1,32669150
11q23/MLL,cg02091808,5,67780261
11q23/MLL,cg02119938,15,78505051
11q23/MLL,cg06680852,10,22722951
11q23/MLL,cg07232063,1,86953050
11q23/MLL,cg07588875,2,65571948
11q23/MLL,cg08369079,6,106551623
11q23/MLL,cg10006817,15,33162876
11q23/MLL,cg11815811,3,151952874
11q23/MLL,cg12510999,2,28022223
11q23/MLL,cg13027206,14,91866325
11q23/MLL,cg13598109,9,82278827
11q23/MLL,cg16068833,1,26644515
11q23/MLL,cg16104276,1,44880317
11q23/MLL,cg16291750,3,18003561
11q23/MLL,cg17185710,3,151984822
11q23/MLL,cg19213703,3,177554561
11q23/MLL,cg19672145,2,65571891
11q23/MLL,cg20201971,2,145284259
11q23/MLL,cg21664636,3,70432664
11q23/MLL,cg21850879,17,29621943
11q23/MLL,cg22898082,19,11074428
11q23/MLL,cg23304605,14,91866373
11q23/MLL,cg23530586,5,99931437
11q23/MLL,cg23653058,3,18004012
11q23/MLL,cg25095518,2,98329337
11q23/MLL,cg25446191,3,170077545
t(1;19),cg00151732,16,570188
t(1;19),cg00782772,16,87754076
t(1;19),cg01743020,2,1886086
t(1;19),cg03544453,3,124769499
t(1;19),cg04471935,12,131518518
t(1;19),cg05447556,22,38377633
t(1;19),cg06164804,2,240044389
t(1;19),cg07373578,17,55993519
t(1;19),cg09927251,2,1886105
t(1;19),cg10208934,2,27805334
t(1;19),cg12183594,7,148802155
t(1;19),cg13913654,9,137650095
t(1;19),cg15172966,12,32590145
t(1;19),cg16391792,15,58723657
t(1;19),cg17215117,10,28571848
t(1;19),cg20839554,11,1012937
t(1;19),cg21461308,16,87754019
t(1;19),cg24133771,17,80769004
t(1;19),cg24215635,13,30074671
t(1;19),cg26992245,8,29848579
t(1;19),cg27322699,14,96369800
dic(9;20),cg00527307,13,34208894
dic(9;20),cg00528052,1,202777295
dic(9;20),cg00974761,17,33866073
dic(9;20),cg02973693,16,73085092
dic(9;20),cg03045067,16,72819254
dic(9;20),cg04265603,7,158886120
dic(9;20),cg04919234,6,99392478
dic(9;20),cg05360265,6,147525477
dic(9;20),cg06217314,6,28543693
dic(9;20),cg06563229,7,158886098
dic(9;20),cg06645120,16,89888817
dic(9;20),cg07030052,1,162531143
dic(9;20),cg08787698,2,9172228
dic(9;20),cg09030113,1,162531726
dic(9;20),cg09733864,7,158809018
dic(9;20),cg09882283,7,158886269
dic(9;20),cg10450897,8,106605031
dic(9;20),cg10659480,3,34055800
dic(9;20),cg13130398,1,174844397
dic(9;20),cg13165992,15,57405443
dic(9;20),cg13471915,1,162531167
dic(9;20),cg15103675,1,162531519
dic(9;20),cg16493584,6,130544832
dic(9;20),cg17105358,1,162531703
dic(9;20),cg17344080,12,93101181
dic(9;20),cg18075666,7,134550430
dic(9;20),cg18745913,6,147524841
dic(9;20),cg20401521,9,90112711
dic(9;20),cg20620783,11,7870238
dic(9;20),cg20949700,11,20044468
dic(9;20),cg21546532,7,86084870
dic(9;20),cg22043118,5,114915630
dic(9;20),cg22718914,6,147525462
dic(9;20),cg23325997,12,10150905
dic(9;20),cg24182468,7,158828603
dic(9;20),cg25650964,13,33544014
dic(9;20),cg27409012,1,162531173
t(9;22),cg01136942,9,124060155
t(9;22),cg04910149,12,118502338
t(9;22),cg05691004,2,201170426
t(9;22),cg05955831,15,77568977
t(9;22),cg09479286,2,169659182
t(9;22),cg10716356,1,214785523
t(9;22),cg10753966,3,55556197
t(9;22),cg11441617,19,54646104
t(9;22),cg11538410,8,142141455
t(9;22),cg13217373,6,167275395
t(9;22),cg14284257,7,95060347
t(9;22),cg14329285,3,8911424
t(9;22),cg15799109,15,67418428
t(9;22),cg17273183,1,214422386
t(9;22),cg18110822,3,4459358
t(9;22),cg19841237,4,110226500
t(9;22),cg19925755,10,104915551
t(9;22),cg20463261,1,12073445
t(9;22),cg21359950,12,94083470
t(9;22),cg22457637,8,142142872
t(9;22),cg22584911,15,52176689
t(9;22),cg23186952,11,58384274
t(9;22),cg27181148,12,45819307
iAMP21,cg00401429,13,53771411
iAMP21,cg00507830,2,103233733
iAMP21,cg03001048,1,162136713
iAMP21,cg05982345,11,48191068
iAMP21,cg08202165,6,149744830
iAMP21,cg08522443,12,118312558
iAMP21,cg09345868,6,130537970
iAMP21,cg09719124,3,8570902
iAMP21,cg11214962,1,161280287
iAMP21,cg12210305,2,85876314
iAMP21,cg14018454,9,16310537
iAMP21,cg16176095,1,3289798
iAMP21,cg17937365,5,134608044
iAMP21,cg20719675,2,175628051
iAMP21,cg21389456,10,675937
iAMP21,cg22012299,13,102360643
sex,cg00114625,X,24483478
sex,cg01742836,X,135229755
sex,cg02333283,X,153707099
sex,cg08417382,X,153775328
sex,cg10860619,X,46771853
sex,cg11152253,X,48958091
sex,cg11673471,X,128977578
sex,cg13023833,X,47510183
sex,cg13574945,X,48814580
sex,cg15165114,X,57936655
sex,cg23121114,X,153285118
sex,cg23696472,X,53111786
sex,cg25132467,X,129065735
sex,cg26023405,X,117629911
